日期,类别,数量
2025-03-12,大数据架构,21
2025-03-12,大数据产品,35
2025-03-12,大数据开发,86
2025-03-12,大数据算法,13
2025-03-12,大数据其他,32
2025-03-12,大数据分析,16
2025-03-12,大数据咨询,9
2025-03-12,大数据管理,15
2025-03-12,大数据销售,2
2025-03-12,大数据运维,10
2025-03-12,大数据研究,3
2025-03-12,大数据安全,6
2025-03-12,其他,1
2025-03-12,大数据教育,1
2025-03-13,大数据咨询,2
2025-03-14,大数据开发,2
2025-03-17,大数据算法,2
2025-03-17,大数据其他,1
2025-03-18,大数据其他,2
2025-03-19,大数据产品,1
2025-03-20,大数据管理,2
2025-03-20,大数据销售,2
2025-03-21,大数据开发,2
2025-03-22,大数据架构,2
2025-03-22,大数据开发,1
2025-03-23,大数据开发,1
2025-03-24,大数据产品,2
2025-03-24,大数据开发,4
2025-03-24,大数据运维,1
2025-03-25,大数据开发,4
2025-03-25,大数据算法,2
2025-03-25,大数据其他,2
2025-03-25,大数据管理,2
2025-03-25,大数据运维,1
2025-03-25,大数据产品,1
2025-03-26,大数据开发,4
2025-03-26,大数据产品,1
2025-03-26,大数据分析,1
2025-03-27,大数据产品,2
2025-03-27,大数据分析,1
2025-03-27,大数据开发,2
2025-03-28,大数据开发,3
2025-03-28,大数据咨询,1
2025-03-29,大数据销售,2
2025-03-29,大数据管理,1
2025-03-29,大数据开发,2
2025-03-29,大数据运维,1
2025-03-30,大数据分析,2
2025-03-30,大数据开发,1
2025-03-31,大数据算法,2
2025-03-31,大数据分析,2
2025-03-31,大数据管理,1
2025-03-31,大数据咨询,1
2025-03-31,大数据开发,1
2025-03-31,大数据架构,1
2025-03-31,大数据产品,1
2025-04-01,大数据管理,2
2025-04-01,大数据产品,1
2025-04-01,大数据其他,1
2025-04-01,大数据开发,2
2025-04-02,大数据开发,7
2025-04-02,大数据安全,4
2025-04-02,大数据产品,4
2025-04-02,其他,1
2025-04-02,大数据咨询,1
2025-04-02,大数据管理,1
2025-04-03,大数据开发,7
2025-04-03,大数据分析,1
2025-04-03,大数据产品,2
2025-04-03,大数据其他,2
2025-04-03,大数据算法,1
2025-04-04,大数据产品,1
2025-04-04,大数据其他,1
2025-04-04,大数据架构,1
2025-04-04,大数据开发,1
2025-04-05,大数据分析,1
2025-04-05,大数据运维,1
2025-04-05,大数据管理,1
2025-04-05,大数据开发,1
2025-04-05,大数据算法,1
2025-04-05,大数据架构,1
2025-04-06,大数据架构,2
2025-04-06,大数据销售,2
2025-04-06,大数据开发,5
2025-04-06,大数据测试,1
2025-04-07,大数据咨询,2
2025-04-07,大数据开发,5
2025-04-07,大数据销售,1
2025-04-07,大数据架构,1
2025-04-07,大数据管理,1
2025-04-07,大数据产品,1
2025-04-07,大数据分析,1
2025-04-08,大数据管理,2
2025-04-08,大数据开发,10
2025-04-08,大数据销售,2
2025-04-08,大数据其他,1
2025-04-08,大数据算法,1
2025-04-08,大数据分析,2
2025-04-08,大数据运维,2
2025-04-08,其他,1
2025-04-08,大数据测试,1
2025-04-08,大数据产品,1
2025-04-09,大数据开发,17
2025-04-09,大数据运维,2
2025-04-09,大数据产品,6
2025-04-09,大数据算法,4
2025-04-09,大数据架构,2
2025-04-09,大数据分析,2
2025-04-09,大数据销售,2
2025-04-09,大数据其他,1
2025-04-09,大数据管理,2
2025-04-09,大数据审计,1
2025-04-10,大数据架构,6
2025-04-10,大数据开发,27
2025-04-10,大数据分析,6
2025-04-10,大数据其他,11
2025-04-10,大数据产品,8
2025-04-10,大数据研究,2
2025-04-10,大数据运维,4
2025-04-10,其他,1
2025-04-10,大数据咨询,5
2025-04-10,大数据销售,2
2025-04-10,大数据安全,1
2025-04-10,大数据算法,3
2025-04-11,大数据运维,22
2025-04-11,大数据测试,9
2025-04-11,大数据开发,257
2025-04-11,大数据管理,20
2025-04-11,大数据教育,5
2025-04-11,大数据咨询,28
2025-04-11,大数据销售,57
2025-04-11,大数据产品,37
2025-04-11,大数据算法,30
2025-04-11,大数据其他,78
2025-04-11,其他,14
2025-04-11,大数据分析,45
2025-04-11,大数据安全,9
2025-04-11,大数据架构,21
2025-04-11,大数据审计,1
2025-04-11,大数据研究,4
2025-04-11,大数据治理,7
2025-04-11,大数据支持,1
未知,大数据开发,3
未知,大数据研究,1
